Ticker,Sector
A,Healthcare
AA,Basic Materials
AAL,Industrials
AAMI,Financial Services
AAOI,Technology
AAON,Industrials
AAP,Consumer Cyclical
AAPL,Technology
AAT,Real Estate
ABBV,Healthcare
ABCB,Financial Services
ABG,Consumer Cyclical
ABM,Industrials
ABR,Real Estate
ABT,Healthcare
ABUS,Healthcare
ACA,Industrials
ACAD,Healthcare
ACCO,Industrials
ACEL,Consumer Cyclical
ACGL,Financial Services
ACHC,Healthcare
ACIC,Financial Services
ACIW,Technology
ACLS,Technology
ACM,Industrials
ACMR,Technology
ACN,Technology
ACNB,Financial Services
ACRE,Real Estate
ACTG,Industrials
ADBE,Technology
ADC,Real Estate
ADEA,Technology
ADI,Technology
ADM,Consumer Defensive
ADMA,Healthcare
ADNT,Consumer Cyclical
ADP,Technology
ADSK,Technology
ADT,Industrials
ADTN,Technology
ADUS,Healthcare
AEE,Utilities
AEHR,Technology
AEIS,Industrials
AEO,Consumer Cyclical
AEP,Utilities
AES,Utilities
AFG,Financial Services
AFL,Financial Services
AGCO,Industrials
AGEN,Healthcare
AGIO,Healthcare
AGM,Financial Services
AGNC,Real Estate
AGO,Financial Services
AGS,Consumer Cyclical
AGX,Industrials
AGYS,Technology
AHCO,Healthcare
AHH,Real Estate
AIG,Financial Services
AIN,Consumer Cyclical
AIOT,Technology
AIR,Industrials
AIT,Industrials
AIV,Real Estate
AIZ,Financial Services
AJG,Financial Services
AKAM,Technology
AKBA,Healthcare
AKR,Real Estate
AL,Industrials
ALB,Basic Materials
ALDX,Healthcare
ALE,Utilities
ALEX,Real Estate
ALG,Industrials
ALGN,Healthcare
ALGT,Industrials
ALK,Industrials
ALKS,Healthcare
ALL,Financial Services
ALLE,Industrials
ALLO,Healthcare
ALLY,Financial Services
ALNT,Technology
ALNY,Healthcare
ALRM,Technology
ALRS,Financial Services
ALSN,Consumer Cyclical
ALT,Healthcare
ALX,Real Estate
AM,Energy
AMAL,Financial Services
AMAT,Technology
AMBA,Technology
AMBC,Financial Services
AMC,Communication Services
AMCR,Consumer Cyclical
AMCX,Communication Services
AMD,Technology
AME,Industrials
AMED,Healthcare
AMG,Financial Services
AMGN,Healthcare
AMH,Real Estate
AMKR,Technology
AMN,Healthcare
AMP,Financial Services
AMPH,Healthcare
AMPY,Energy
AMRC,Industrials
AMRK,Financial Services
AMRX,Healthcare
AMSC,Industrials
AMSF,Financial Services
AMT,Real Estate
AMTB,Financial Services
AMWD,Consumer Cyclical
AMZN,Consumer Cyclical
AN,Consumer Cyclical
ANAB,Healthcare
ANDE,Consumer Defensive
ANET,Technology
ANF,Consumer Cyclical
ANGI,Communication Services
ANGO,Healthcare
ANIK,Healthcare
ANIP,Healthcare
ANSS,Technology
AON,Financial Services
AORT,Healthcare
AOS,Industrials
AOSL,Technology
APA,Energy
APAM,Financial Services
APD,Basic Materials
APH,Technology
APLE,Real Estate
APLS,Healthcare
APO,Financial Services
APOG,Industrials
APPF,Technology
APPN,Technology
APPS,Technology
APTV,Consumer Cyclical
AQST,Healthcare
AR,Energy
ARAY,Healthcare
ARCB,Industrials
ARCT,Healthcare
ARDX,Healthcare
ARE,Real Estate
ARES,Financial Services
ARI,Real Estate
ARLO,Industrials
ARMK,Industrials
AROC,Energy
AROW,Financial Services
ARR,Real Estate
ARVN,Healthcare
ARW,Technology
ARWR,Healthcare
ASB,Financial Services
ASC,Industrials
ASGN,Technology
ASH,Basic Materials
ASIX,Basic Materials
ASPN,Industrials
ASTE,Industrials
ASTH,Healthcare
ASUR,Technology
ATEC,Healthcare
ATEN,Technology
ATEX,Communication Services
ATGE,Consumer Defensive
ATI,Industrials
ATKR,Industrials
ATNI,Communication Services
ATO,Utilities
ATR,Healthcare
ATRC,Healthcare
ATRO,Industrials
ATXS,Healthcare
AUB,Financial Services
AUPH,Healthcare
AVA,Utilities
AVAV,Industrials
AVB,Real Estate
AVD,Basic Materials
AVDL,Healthcare
AVGO,Technology
AVNS,Healthcare
AVNT,Basic Materials
AVNW,Technology
AVT,Technology
AVXL,Healthcare
AVY,Consumer Cyclical
AWI,Industrials
AWK,Utilities
AWR,Utilities
AX,Financial Services
AXGN,Healthcare
AXL,Consumer Cyclical
AXON,Industrials
AXP,Financial Services
AXS,Financial Services
AXSM,Healthcare
AXTA,Basic Materials
AYI,Industrials
AZO,Consumer Cyclical
AZTA,Healthcare
AZZ,Industrials
BA,Industrials
BAC,Financial Services
BAH,Industrials
BALL,Consumer Cyclical
BANC,Financial Services
BAND,Technology
BANF,Financial Services
BANR,Financial Services
BATRA,Communication Services
BATRK,Communication Services
BAX,Healthcare
BBSI,Industrials
BBW,Consumer Cyclical
BBWI,Consumer Cyclical
BBY,Consumer Cyclical
BC,Consumer Cyclical
BCAL,Financial Services
BCBP,Financial Services
BCC,Basic Materials
BCML,Financial Services
BCO,Industrials
BCPC,Basic Materials
BCRX,Healthcare
BDC,Technology
BDN,Real Estate
BDX,Healthcare
BE,Industrials
BELFB,Technology
BEN,Financial Services
BFAM,Consumer Cyclical
BFC,Financial Services
BFH,Financial Services
BFS,Real Estate
BFST,Financial Services
BG,Consumer Defensive
BGC,Financial Services
BGS,Consumer Defensive
BHB,Financial Services
BHE,Technology
BHF,Financial Services
BHLB,Financial Services
BHR,Real Estate
BHRB,Financial Services
BIIB,Healthcare
BIO,Healthcare
BJ,Consumer Defensive
BJRI,Consumer Cyclical
BK,Financial Services
BKD,Healthcare
BKE,Consumer Cyclical
BKH,Utilities
BKNG,Consumer Cyclical
BKR,Energy
BKU,Financial Services
BL,Technology
BLBD,Industrials
BLD,Industrials
BLDR,Industrials
BLFS,Healthcare
BLK,Financial Services
BLKB,Technology
BLMN,Consumer Cyclical
BLNK,Industrials
BLX,Financial Services
BMI,Technology
BMRC,Financial Services
BMRN,Healthcare
BMY,Healthcare
BOC,Industrials
BOH,Financial Services
BOKF,Financial Services
BOOM,Industrials
BOOT,Consumer Cyclical
BOX,Technology
BPMC,Healthcare
BPOP,Financial Services
BR,Technology
BRKL,Financial Services
BRKR,Healthcare
BRO,Financial Services
BRSP,Real Estate
BRX,Real Estate
BRY,Energy
BSRR,Financial Services
BSX,Healthcare
BTBT,Financial Services
BTU,Energy
BURL,Consumer Cyclical
BUSE,Financial Services
BV,Industrials
BWA,Consumer Cyclical
BWB,Financial Services
BWXT,Industrials
BX,Financial Services
BXC,Industrials
BXMT,Real Estate
BXP,Real Estate
BY,Financial Services
BYD,Consumer Cyclical
BYON,Consumer Cyclical
BYRN,Industrials
BZH,Consumer Cyclical
C,Financial Services
CABO,Communication Services
CAC,Financial Services
CACC,Financial Services
CACI,Technology
CADE,Financial Services
CAG,Consumer Defensive
CAH,Healthcare
CAKE,Consumer Cyclical
CAL,Consumer Cyclical
CALM,Consumer Defensive
CALX,Technology
CAPR,Healthcare
CAR,Industrials
CARE,Financial Services
CARG,Consumer Cyclical
CARS,Communication Services
CASH,Financial Services
CASS,Industrials
CASY,Consumer Cyclical
CAT,Industrials
CATX,Healthcare
CATY,Financial Services
CB,Financial Services
CBAN,Financial Services
CBOE,Financial Services
CBRE,Real Estate
CBRL,Consumer Cyclical
CBSH,Financial Services
CBT,Basic Materials
CBU,Financial Services
CBZ,Industrials
CC,Basic Materials
CCB,Financial Services
CCBG,Financial Services
CCI,Real Estate
CCK,Consumer Cyclical
CCL,Consumer Cyclical
CCNE,Financial Services
CCO,Communication Services
CCOI,Communication Services
CCRN,Healthcare
CCS,Real Estate
CDE,Basic Materials
CDLX,Communication Services
CDNA,Healthcare
CDNS,Technology
CDP,Real Estate
CDW,Technology
CDXS,Healthcare
CE,Basic Materials
CECO,Industrials
CELC,Healthcare
CELH,Consumer Defensive
CENT,Consumer Defensive
CENTA,Consumer Defensive
CENX,Basic Materials
CERS,Healthcare
CEVA,Technology
CF,Basic Materials
CFFN,Financial Services
CFG,Financial Services
CFR,Financial Services
CG,Financial Services
CGNX,Technology
CHCO,Financial Services
CHCT,Real Estate
CHD,Consumer Defensive
CHDN,Consumer Cyclical
CHE,Healthcare
CHEF,Consumer Defensive
CHGG,Consumer Defensive
CHH,Consumer Cyclical
CHRD,Energy
CHRS,Healthcare
CHRW,Industrials
CHTR,Communication Services
CHX,Energy
CI,Healthcare
CIEN,Technology
CIM,Real Estate
CINF,Financial Services
CIO,Real Estate
CIVB,Financial Services
CIVI,Energy
CL,Consumer Defensive
CLB,Energy
CLBK,Financial Services
CLDT,Real Estate
CLDX,Healthcare
CLF,Basic Materials
CLFD,Technology
CLH,Industrials
CLMB,Technology
CLNE,Energy
CLVT,Technology
CLW,Basic Materials
CLX,Consumer Defensive
CMA,Financial Services
CMC,Basic Materials
CMCL,Basic Materials
CMCO,Industrials
CMCSA,Communication Services
CME,Financial Services
CMG,Consumer Cyclical
CMI,Industrials
CMP,Basic Materials
CMPR,Industrials
CMRE,Industrials
CMS,Utilities
CMT,Basic Materials
CNA,Financial Services
CNC,Healthcare
CNDT,Technology
CNH,Industrials
CNK,Communication Services
CNMD,Healthcare
CNNE,Consumer Cyclical
CNO,Financial Services
CNOB,Financial Services
CNP,Utilities
CNR,Energy
CNS,Financial Services
CNX,Energy
CNXN,Technology
CODI,Industrials
COF,Financial Services
COGT,Healthcare
COHR,Technology
COHU,Technology
COKE,Consumer Defensive
COLB,Financial Services
COLD,Real Estate
COLL,Healthcare
COLM,Consumer Cyclical
COMM,Technology
COO,Healthcare
COOP,Financial Services
COP,Energy
COR,Healthcare
CORT,Healthcare
COST,Consumer Defensive
COTY,Consumer Defensive
CPAY,Technology
CPB,Consumer Defensive
CPF,Financial Services
CPK,Utilities
CPRI,Consumer Cyclical
CPRT,Industrials
CPRX,Healthcare
CPS,Consumer Cyclical
CPT,Real Estate
CRAI,Industrials
CRBP,Healthcare
CRH,Basic Materials
CRI,Consumer Cyclical
CRK,Energy
CRL,Healthcare
CRM,Technology
CRMD,Healthcare
CRMT,Consumer Cyclical
CRNX,Healthcare
CROX,Consumer Cyclical
CRS,Industrials
CRUS,Technology
CRVL,Financial Services
CSCO,Technology
CSGP,Real Estate
CSGS,Technology
CSL,Industrials
CSR,Real Estate
CSTM,Basic Materials
CSV,Consumer Cyclical
CSW,Industrials
CSX,Industrials
CTAS,Industrials
CTBI,Financial Services
CTLP,Technology
CTO,Real Estate
CTOS,Industrials
CTRA,Energy
CTRE,Real Estate
CTS,Technology
CTSH,Technology
CUBE,Real Estate
CUBI,Financial Services
CUZ,Real Estate
CVBF,Financial Services
CVCO,Consumer Cyclical
CVGI,Consumer Cyclical
CVGW,Consumer Defensive
CVI,Energy
CVLG,Industrials
CVLT,Technology
CVNA,Consumer Cyclical
CVS,Healthcare
CVX,Energy
CW,Industrials
CWBC,Financial Services
CWCO,Utilities
CWEN,Utilities
CWH,Consumer Cyclical
CWK,Real Estate
CWST,Industrials
CWT,Utilities
CXT,Industrials
CXW,Industrials
CYH,Healthcare
CYRX,Industrials
CYTK,Healthcare
CZFS,Financial Services
CZNC,Financial Services
CZR,Consumer Cyclical
D,Utilities
DAKT,Technology
DAL,Industrials
DAN,Consumer Cyclical
DAR,Consumer Defensive
DAY,Technology
DBI,Consumer Cyclical
DBRG,Financial Services
DBX,Technology
DCI,Industrials
DCO,Industrials
DCOM,Financial Services
DD,Basic Materials
DDD,Technology
DDS,Consumer Cyclical
DE,Industrials
DEA,Real Estate
DECK,Consumer Cyclical
DEI,Real Estate
DELL,Technology
DENN,Consumer Cyclical
DFIN,Technology
DG,Consumer Defensive
DGICA,Financial Services
DGII,Technology
DGX,Healthcare
DHC,Real Estate
DHI,Consumer Cyclical
DHIL,Financial Services
DHR,Healthcare
DHT,Energy
DIN,Consumer Cyclical
DINO,Energy
DIOD,Technology
DIS,Communication Services
DJCO,Technology
DK,Energy
DKS,Consumer Cyclical
DLB,Industrials
DLR,Real Estate
DLTR,Consumer Defensive
DLX,Industrials
DMRC,Technology
DNLI,Healthcare
DNOW,Industrials
DNTH,Healthcare
DOC,Real Estate
DOCU,Technology
DOMO,Technology
DORM,Consumer Cyclical
DOV,Industrials
DOX,Technology
DPZ,Consumer Cyclical
DRH,Real Estate
DRI,Consumer Cyclical
DRS,Industrials
DSGR,Industrials
DTE,Utilities
DUK,Utilities
DVA,Healthcare
DVAX,Healthcare
DVN,Energy
DX,Real Estate
DXC,Technology
DXCM,Healthcare
DXLG,Consumer Cyclical
DXPE,Industrials
DY,Industrials
EA,Communication Services
EAF,Industrials
EAT,Consumer Cyclical
EB,Communication Services
EBAY,Consumer Cyclical
EBF,Industrials
EBTC,Financial Services
ECL,Basic Materials
ECPG,Financial Services
ECVT,Basic Materials
ED,Utilities
EDIT,Healthcare
EEFT,Technology
EFC,Real Estate
EFSC,Financial Services
EFX,Industrials
EG,Financial Services
EGBN,Financial Services
EGHT,Technology
EGP,Real Estate
EGY,Energy
EHC,Healthcare
EIG,Financial Services
EIX,Utilities
EL,Consumer Defensive
ELAN,Healthcare
ELF,Consumer Defensive
ELME,Real Estate
ELS,Real Estate
ELV,Healthcare
EME,Industrials
EMN,Basic Materials
EMR,Industrials
ENOV,Healthcare
ENPH,Technology
ENR,Industrials
ENS,Industrials
ENSG,Healthcare
ENTA,Healthcare
ENTG,Technology
ENVA,Financial Services
EOG,Energy
EOLS,Healthcare
EPAC,Industrials
EPAM,Technology
EPC,Consumer Defensive
EPM,Energy
EPR,Real Estate
EPRT,Real Estate
EQBK,Financial Services
EQH,Financial Services
EQIX,Real Estate
EQR,Real Estate
EQT,Energy
ERII,Industrials
ES,Utilities
ESE,Technology
ESGR,Financial Services
ESI,Basic Materials
ESNT,Financial Services
ESPR,Healthcare
ESQ,Financial Services
ESRT,Real Estate
ESS,Real Estate
ESTC,Technology
ETD,Consumer Cyclical
ETN,Industrials
ETR,Utilities
ETSY,Consumer Cyclical
EU,Energy
EVC,Communication Services
EVER,Communication Services
EVH,Healthcare
EVR,Financial Services
EVRG,Utilities
EVRI,Consumer Cyclical
EVTC,Technology
EW,Healthcare
EWBC,Financial Services
EXAS,Healthcare
EXC,Utilities
EXEL,Healthcare
EXLS,Technology
EXP,Basic Materials
EXPD,Industrials
EXPE,Consumer Cyclical
EXPI,Real Estate
EXPO,Industrials
EXR,Real Estate
EXTR,Technology
EYE,Consumer Cyclical
EYPT,Healthcare
F,Consumer Cyclical
FAF,Financial Services
FANG,Energy
FARO,Technology
FAST,Industrials
FATE,Healthcare
FBIN,Industrials
FBIZ,Financial Services
FBK,Financial Services
FBNC,Financial Services
FBP,Financial Services
FC,Consumer Defensive
FCBC,Financial Services
FCEL,Industrials
FCF,Financial Services
FCFS,Financial Services
FCN,Industrials
FCNCA,Financial Services
FCPT,Real Estate
FCX,Basic Materials
FDBC,Financial Services
FDP,Consumer Defensive
FDS,Financial Services
FDX,Industrials
FE,Utilities
FELE,Industrials
FERG,Industrials
FFBC,Financial Services
FFIC,Financial Services
FFIN,Financial Services
FFIV,Technology
FFWM,Financial Services
FHB,Financial Services
FHN,Financial Services
FI,Technology
FIBK,Financial Services
FICO,Technology
FIS,Technology
FISI,Financial Services
FITB,Financial Services
FIVE,Consumer Cyclical
FIVN,Technology
FIX,Industrials
FIZZ,Consumer Defensive
FL,Consumer Cyclical
FLG,Financial Services
FLGT,Healthcare
FLO,Consumer Defensive
FLR,Industrials
FLS,Industrials
FLWS,Consumer Cyclical
FMAO,Financial Services
FMBH,Financial Services
FMC,Basic Materials
FMNB,Financial Services
FN,Technology
FNB,Financial Services
FND,Consumer Cyclical
FNF,Financial Services
FNKO,Consumer Cyclical
FNLC,Financial Services
FOLD,Healthcare
FOR,Real Estate
FORM,Technology
FORR,Industrials
FOXF,Consumer Cyclical
FPI,Real Estate
FR,Real Estate
FRBA,Financial Services
FRME,Financial Services
FRPH,Real Estate
FRPT,Consumer Defensive
FRST,Financial Services
FRT,Real Estate
FSBW,Financial Services
FSLR,Technology
FSS,Industrials
FTAI,Industrials
FTDR,Consumer Cyclical
FTI,Energy
FTNT,Technology
FTV,Technology
FUL,Basic Materials
FULT,Financial Services
FUN,Consumer Cyclical
FWONA,Communication Services
FWONK,Communication Services
FWRD,Industrials
G,Technology
GABC,Financial Services
GAP,Consumer Cyclical
GATX,Industrials
GBCI,Financial Services
GBX,Industrials
GCI,Communication Services
GCO,Consumer Cyclical
GD,Industrials
GDDY,Technology
GDEN,Consumer Cyclical
GDOT,Financial Services
GDYN,Technology
GE,Industrials
GEF,Consumer Cyclical
GEN,Technology
GEO,Industrials
GERN,Healthcare
GFF,Industrials
GGG,Industrials
GH,Healthcare
GHC,Consumer Defensive
GHM,Industrials
GIC,Industrials
GIII,Consumer Cyclical
GILD,Healthcare
GIS,Consumer Defensive
GKOS,Healthcare
GL,Financial Services
GLDD,Industrials
GLNG,Energy
GLOB,Technology
GLPI,Real Estate
GLRE,Financial Services
GLW,Technology
GM,Consumer Cyclical
GME,Consumer Cyclical
GMED,Healthcare
GMRE,Real Estate
GMS,Industrials
GNE,Utilities
GNK,Industrials
GNL,Real Estate
GNRC,Industrials
GNTX,Consumer Cyclical
GNTY,Financial Services
GNW,Financial Services
GOGL,Industrials
GOGO,Communication Services
GOLF,Consumer Cyclical
GOOD,Real Estate
GOOG,Communication Services
GOOGL,Communication Services
GPC,Consumer Cyclical
GPI,Consumer Cyclical
GPK,Consumer Cyclical
GPMT,Real Estate
GPN,Industrials
GPRE,Basic Materials
GPRO,Technology
GRBK,Consumer Cyclical
GRC,Industrials
GRMN,Technology
GRWG,Consumer Cyclical
GS,Financial Services
GSAT,Communication Services
GSBC,Financial Services
GSHD,Financial Services
GT,Consumer Cyclical
GTES,Industrials
GTLS,Industrials
GTN,Communication Services
GTY,Real Estate
GVA,Industrials
GWRE,Technology
GWW,Industrials
H,Consumer Cyclical
HAE,Healthcare
HAFC,Financial Services
HAIN,Consumer Defensive
HAL,Energy
HALO,Healthcare
HAS,Consumer Cyclical
HASI,Financial Services
HBAN,Financial Services
HBCP,Financial Services
HBI,Consumer Cyclical
HBNC,Financial Services
HCA,Healthcare
HCC,Basic Materials
HCI,Financial Services
HCKT,Technology
HCSG,Healthcare
HD,Consumer Cyclical
HDSN,Basic Materials
HE,Utilities
HEI,Industrials
HELE,Consumer Defensive
HES,Energy
HFWA,Financial Services
HGV,Consumer Cyclical
HHH,Real Estate
HI,Industrials
HIFS,Financial Services
HIG,Financial Services
HII,Industrials
HIW,Real Estate
HL,Basic Materials
HLF,Consumer Defensive
HLI,Financial Services
HLIO,Industrials
HLIT,Technology
HLNE,Financial Services
HLT,Consumer Cyclical
HLX,Energy
HMN,Financial Services
HMST,Financial Services
HNI,Consumer Cyclical
HNRG,Energy
HOFT,Consumer Cyclical
HOG,Consumer Cyclical
HOLX,Healthcare
HOMB,Financial Services
HON,Industrials
HONE,Financial Services
HOPE,Financial Services
HOUS,Real Estate
HOV,Consumer Cyclical
HP,Energy
HPE,Technology
HPP,Real Estate
HPQ,Technology
HQY,Healthcare
HR,Real Estate
HRB,Consumer Cyclical
HRI,Industrials
HRL,Consumer Defensive
HROW,Healthcare
HRTG,Financial Services
HRTX,Healthcare
HSIC,Healthcare
HSII,Industrials
HST,Real Estate
HSTM,Healthcare
HSY,Consumer Defensive
HTB,Financial Services
HTBK,Financial Services
HTH,Financial Services
HTLD,Industrials
HTO,Utilities
HUBB,Industrials
HUBG,Industrials
HUBS,Technology
HUM,Healthcare
HUN,Basic Materials
HURN,Industrials
HUT,Financial Services
HVT,Consumer Cyclical
HWC,Financial Services
HWKN,Basic Materials
HWM,Industrials
HXL,Industrials
HY,Industrials
HZO,Consumer Cyclical
IAC,Communication Services
IART,Healthcare
IBCP,Financial Services
IBKR,Financial Services
IBM,Technology
IBOC,Financial Services
IBP,Consumer Cyclical
IBRX,Healthcare
ICE,Financial Services
ICFI,Industrials
ICHR,Technology
ICUI,Healthcare
IDA,Utilities
IDCC,Technology
IDT,Communication Services
IDXX,Healthcare
IESC,Industrials
IEX,Industrials
IFF,Basic Materials
IGT,Consumer Cyclical
IIIN,Industrials
IIIV,Technology
IIPR,Real Estate
ILMN,Healthcare
ILPT,Real Estate
IMAX,Communication Services
IMKTA,Consumer Defensive
IMMR,Technology
IMXI,Technology
INBK,Financial Services
INCY,Healthcare
INDB,Financial Services
INGN,Healthcare
INGR,Consumer Defensive
INN,Real Estate
INO,Healthcare
INOD,Technology
INSE,Consumer Cyclical
INSM,Healthcare
INSP,Healthcare
INSW,Energy
INTC,Technology
INTU,Technology
INVA,Healthcare
INVH,Real Estate
INVX,Energy
IONS,Healthcare
IOSP,Basic Materials
IOVA,Healthcare
IP,Consumer Cyclical
IPAR,Consumer Defensive
IPG,Communication Services
IPGP,Technology
IPI,Basic Materials
IQV,Healthcare
IR,Industrials
IRBT,Consumer Cyclical
IRDM,Communication Services
IRM,Real Estate
IRMD,Healthcare
IRT,Real Estate
IRTC,Healthcare
IRWD,Healthcare
ISRG,Healthcare
IT,Technology
ITGR,Healthcare
ITIC,Financial Services
ITRI,Technology
ITT,Industrials
ITW,Industrials
IVR,Real Estate
IVT,Real Estate
IVZ,Financial Services
J,Industrials
JACK,Consumer Cyclical
JAKK,Consumer Cyclical
JAZZ,Healthcare
JBGS,Real Estate
JBHT,Industrials
JBL,Technology
JBLU,Industrials
JBSS,Consumer Defensive
JBTM,Industrials
JCI,Industrials
JEF,Financial Services
JELD,Industrials
JHG,Financial Services
JJSF,Consumer Defensive
JKHY,Technology
JLL,Real Estate
JMSB,Financial Services
JNJ,Healthcare
JNPR,Technology
JOE,Real Estate
JOUT,Consumer Cyclical
JPM,Financial Services
JRVR,Financial Services
K,Consumer Defensive
KAI,Industrials
KALU,Basic Materials
KALV,Healthcare
KAR,Consumer Cyclical
KBH,Consumer Cyclical
KBR,Industrials
KDP,Consumer Defensive
KE,Industrials
KELYA,Industrials
KEX,Industrials
KEY,Financial Services
KEYS,Technology
KFRC,Industrials
KFY,Industrials
KHC,Consumer Defensive
KIDS,Healthcare
KIM,Real Estate
KKR,Financial Services
KLAC,Technology
KLIC,Technology
KMB,Consumer Defensive
KMI,Energy
KMPR,Financial Services
KMT,Industrials
KMX,Consumer Cyclical
KN,Technology
KNSA,Healthcare
KNSL,Financial Services
KNTK,Energy
KNX,Industrials
KO,Consumer Defensive
KOD,Healthcare
KODK,Industrials
KOP,Basic Materials
KOS,Energy
KR,Consumer Defensive
KRC,Real Estate
KREF,Real Estate
KRG,Real Estate
KRNY,Financial Services
KRYS,Healthcare
KSS,Consumer Cyclical
KTOS,Industrials
KURA,Healthcare
KW,Real Estate
KWR,Basic Materials
L,Financial Services
LAB,Healthcare
LAD,Consumer Cyclical
LADR,Real Estate
LAMR,Real Estate
LANC,Consumer Defensive
LAND,Real Estate
LASR,Technology
LAUR,Consumer Defensive
LAZ,Financial Services
LBRDA,Communication Services
LBRDK,Communication Services
LBRT,Energy
LBTYA,Communication Services
LBTYK,Communication Services
LC,Financial Services
LCII,Consumer Cyclical
LDOS,Technology
LEA,Consumer Cyclical
LECO,Industrials
LEG,Consumer Cyclical
LEN,Consumer Cyclical
LEU,Energy
LFUS,Technology
LGIH,Consumer Cyclical
LGND,Healthcare
LH,Healthcare
LHX,Industrials
LII,Industrials
LILA,Communication Services
LILAK,Communication Services
LIN,Basic Materials
LINC,Consumer Defensive
LIND,Consumer Cyclical
LITE,Technology
LIVN,Healthcare
LKFN,Financial Services
LKQ,Consumer Cyclical
LLY,Healthcare
LMAT,Healthcare
LMB,Industrials
LMNR,Consumer Defensive
LMT,Industrials
LNC,Financial Services
LNG,Energy
LNN,Industrials
LNT,Utilities
LNTH,Healthcare
LNW,Consumer Cyclical
LOB,Financial Services
LOCO,Consumer Cyclical
LOPE,Consumer Defensive
LOVE,Consumer Cyclical
LOW,Consumer Cyclical
LPG,Energy
LPLA,Financial Services
LPRO,Financial Services
LPX,Industrials
LQDA,Healthcare
LQDT,Consumer Cyclical
LRCX,Technology
LRMR,Healthcare
LRN,Consumer Defensive
LSCC,Technology
LSEA,Real Estate
LSTR,Industrials
LTC,Real Estate
LULU,Consumer Cyclical
LUMN,Communication Services
LUV,Industrials
LVS,Consumer Cyclical
LW,Consumer Defensive
LWLG,Basic Materials
LXFR,Industrials
LXP,Real Estate
LXRX,Healthcare
LXU,Basic Materials
LYB,Basic Materials
LYTS,Technology
LYV,Communication Services
LZB,Consumer Cyclical
M,Consumer Cyclical
MA,Financial Services
MAA,Real Estate
MAC,Real Estate
MAN,Industrials
MANH,Technology
MAR,Consumer Cyclical
MARA,Financial Services
MAS,Industrials
MASI,Healthcare
MAT,Consumer Cyclical
MATV,Basic Materials
MATW,Industrials
MATX,Industrials
MBCN,Financial Services
MBI,Financial Services
MBIN,Financial Services
MBUU,Consumer Cyclical
MBWM,Financial Services
MC,Financial Services
MCB,Financial Services
MCD,Consumer Cyclical
MCFT,Consumer Cyclical
MCHP,Technology
MCK,Healthcare
MCO,Financial Services
MCRI,Consumer Cyclical
MCS,Communication Services
MCY,Financial Services
MD,Healthcare
MDB,Technology
MDGL,Healthcare
MDLZ,Consumer Defensive
MDT,Healthcare
MDU,Industrials
MDXG,Healthcare
MED,Consumer Cyclical
MEDP,Healthcare
MEI,Technology
MET,Financial Services
META,Communication Services
METC,Basic Materials
MFA,Real Estate
MGEE,Utilities
MGM,Consumer Cyclical
MGNI,Communication Services
MGNX,Healthcare
MGPI,Consumer Defensive
MGRC,Industrials
MGTX,Healthcare
MGY,Energy
MHK,Consumer Cyclical
MHO,Consumer Cyclical
MIDD,Industrials
MITK,Technology
MKC,Consumer Defensive
MKL,Financial Services
MKSI,Technology
MKTX,Financial Services
MLAB,Technology
MLI,Industrials
MLKN,Consumer Cyclical
MLM,Basic Materials
MLR,Consumer Cyclical
MMC,Financial Services
MMI,Real Estate
MMM,Industrials
MMS,Industrials
MMSI,Healthcare
MNKD,Healthcare
MNMD,Healthcare
MNRO,Consumer Cyclical
MNST,Consumer Defensive
MO,Consumer Defensive
MOD,Consumer Cyclical
MODG,Consumer Cyclical
MODV,Healthcare
MOFG,Financial Services
MOH,Healthcare
MORN,Financial Services
MOS,Basic Materials
MOV,Consumer Cyclical
MPB,Financial Services
MPC,Energy
MPW,Real Estate
MPWR,Technology
MRC,Energy
MRCY,Industrials
MRK,Healthcare
MRSN,Healthcare
MRTN,Industrials
MRVL,Technology
MS,Financial Services
MSA,Industrials
MSBI,Financial Services
MSCI,Financial Services
MSEX,Utilities
MSFT,Technology
MSGS,Communication Services
MSI,Technology
MSM,Industrials
MSTR,Technology
MTB,Financial Services
MTCH,Communication Services
MTD,Healthcare
MTDR,Energy
MTG,Financial Services
MTH,Consumer Cyclical
MTN,Consumer Cyclical
MTRN,Basic Materials
MTSI,Technology
MTUS,Basic Materials
MTW,Industrials
MTX,Basic Materials
MTZ,Industrials
MU,Technology
MUR,Energy
MUSA,Consumer Cyclical
MVBF,Financial Services
MVIS,Technology
MWA,Industrials
MXL,Technology
MYE,Consumer Cyclical
MYGN,Healthcare
MYRG,Industrials
NAGE,Healthcare
NAT,Energy
NAVI,Financial Services
NBHC,Financial Services
NBIX,Healthcare
NBN,Financial Services
NBR,Energy
NBTB,Financial Services
NCLH,Consumer Cyclical
NCMI,Communication Services
NDAQ,Financial Services
NDSN,Industrials
NECB,Financial Services
NEE,Utilities
NEM,Basic Materials
NEO,Healthcare
NEOG,Healthcare
NEU,Basic Materials
NEWT,Financial Services
NEXT,Energy
NFBK,Financial Services
NFG,Energy
NFLX,Communication Services
NG,Basic Materials
NGNE,Healthcare
NGVC,Consumer Defensive
NGVT,Basic Materials
NHC,Healthcare
NHI,Real Estate
NI,Utilities
NIC,Financial Services
NJR,Utilities
NKE,Consumer Cyclical
NLY,Real Estate
NMIH,Financial Services
NMRK,Real Estate
NNI,Financial Services
NNN,Real Estate
NOC,Industrials
NOG,Energy
NOV,Energy
NOVT,Technology
NOW,Technology
NPKI,Energy
NPO,Industrials
NRC,Healthcare
NRG,Utilities
NRIM,Financial Services
NSA,Real Estate
NSC,Industrials
NSIT,Technology
NSP,Industrials
NSSC,Industrials
NTAP,Technology
NTB,Financial Services
NTCT,Technology
NTGR,Technology
NTLA,Healthcare
NTNX,Technology
NTRA,Healthcare
NTRS,Financial Services
NUE,Basic Materials
NUS,Consumer Defensive
NVAX,Healthcare
NVCR,Healthcare
NVDA,Technology
NVEC,Technology
NVEE,Industrials
NVR,Consumer Cyclical
NVRI,Industrials
NVT,Industrials
NWBI,Financial Services
NWE,Utilities
NWL,Consumer Defensive
NWN,Utilities
NWPX,Basic Materials
NWS,Communication Services
NWSA,Communication Services
NX,Industrials
NXDT,Real Estate
NXRT,Real Estate
NXST,Communication Services
NYMT,Real Estate
NYT,Communication Services
O,Real Estate
OBK,Financial Services
OBT,Financial Services
OC,Industrials
OCFC,Financial Services
OCGN,Healthcare
OCUL,Healthcare
ODC,Basic Materials
ODFL,Industrials
ODP,Consumer Cyclical
OEC,Basic Materials
OFG,Financial Services
OFIX,Healthcare
OFLX,Industrials
OGE,Utilities
OGS,Utilities
OHI,Real Estate
OI,Consumer Cyclical
OII,Energy
OIS,Energy
OKE,Energy
OKTA,Technology
OLED,Technology
OLLI,Consumer Defensive
OLN,Basic Materials
OLP,Real Estate
OMC,Communication Services
OMCL,Healthcare
OMER,Healthcare
OMF,Financial Services
OMI,Healthcare
ON,Technology
ONB,Financial Services
ONIT,Financial Services
OOMA,Technology
OPCH,Healthcare
OPK,Healthcare
OPRX,Healthcare
ORA,Utilities
ORC,Real Estate
ORCL,Technology
ORGO,Healthcare
ORI,Financial Services
ORLY,Consumer Cyclical
ORRF,Financial Services
OSBC,Financial Services
OSIS,Technology
OSK,Industrials
OSPN,Technology
OSUR,Healthcare
OSW,Consumer Cyclical
OTLK,Healthcare
OTTR,Industrials
OUT,Real Estate
OVV,Energy
OXM,Consumer Cyclical
OXY,Energy
OZK,Financial Services
PACB,Healthcare
PACK,Consumer Cyclical
PAG,Consumer Cyclical
PAGS,Technology
PAHC,Healthcare
PANL,Industrials
PANW,Technology
PAR,Technology
PARA,Communication Services
PARR,Energy
PATK,Consumer Cyclical
PAYC,Technology
PAYS,Technology
PAYX,Technology
PB,Financial Services
PBF,Energy
PBH,Healthcare
PBI,Industrials
PBPB,Consumer Cyclical
PCAR,Industrials
PCG,Utilities
PCH,Real Estate
PCRX,Healthcare
PCTY,Technology
PDFS,Technology
PDM,Real Estate
PEB,Real Estate
PEBO,Financial Services
PEG,Utilities
PEGA,Technology
PEN,Healthcare
PENG,Technology
PENN,Consumer Cyclical
PEP,Consumer Defensive
PFBC,Financial Services
PFE,Healthcare
PFG,Financial Services
PFGC,Consumer Defensive
PFIS,Financial Services
PFS,Financial Services
PFSI,Financial Services
PG,Consumer Defensive
PGC,Financial Services
PGEN,Healthcare
PGR,Financial Services
PGRE,Real Estate
PH,Industrials
PHLT,Healthcare
PHM,Consumer Cyclical
PI,Technology
PII,Consumer Cyclical
PINC,Healthcare
PIPR,Financial Services
PJT,Financial Services
PK,Real Estate
PKE,Industrials
PKG,Consumer Cyclical
PLAB,Technology
PLAY,Communication Services
PLD,Real Estate
PLL,Basic Materials
PLNT,Consumer Cyclical
PLOW,Consumer Cyclical
PLPC,Industrials
PLSE,Healthcare
PLUG,Industrials
PLUS,Technology
PLXS,Technology
PLYM,Real Estate
PM,Consumer Defensive
PMT,Real Estate
PNC,Financial Services
PNFP,Financial Services
PNR,Industrials
PNW,Utilities
PODD,Healthcare
POOL,Industrials
POR,Utilities
POST,Consumer Defensive
POWI,Technology
POWL,Industrials
POWW,Industrials
PPBI,Financial Services
PPC,Consumer Defensive
PPG,Basic Materials
PPL,Utilities
PR,Energy
PRA,Financial Services
PRAA,Financial Services
PRDO,Consumer Defensive
PRG,Industrials
PRGO,Healthcare
PRGS,Technology
PRI,Financial Services
PRIM,Industrials
PRK,Financial Services
PRKS,Consumer Cyclical
PRLB,Industrials
PRMB,Consumer Defensive
PRO,Technology
PRSU,Consumer Cyclical
PRTA,Healthcare
PRTH,Technology
PRU,Financial Services
PSA,Real Estate
PSMT,Consumer Defensive
PSTG,Technology
PSX,Energy
PTC,Technology
PTCT,Healthcare
PTEN,Energy
PTGX,Healthcare
PUMP,Energy
PVH,Consumer Cyclical
PWR,Industrials
PYPL,Financial Services
PZZA,Consumer Cyclical
QCOM,Technology
QCRH,Financial Services
QDEL,Healthcare
QGEN,Healthcare
QLYS,Technology
QNST,Communication Services
QRVO,Technology
QTRX,Healthcare
QTTB,Healthcare
QTWO,Technology
R,Industrials
RAMP,Technology
RARE,Healthcare
RBA,Industrials
RBB,Financial Services
RBBN,Technology
RBC,Industrials
RBCAA,Financial Services
RC,Real Estate
RCEL,Healthcare
RCKT,Healthcare
RCL,Consumer Cyclical
RCUS,Healthcare
RDFN,Real Estate
RDN,Financial Services
RDNT,Healthcare
RDUS,Basic Materials
RDVT,Technology
REG,Real Estate
REGN,Healthcare
REI,Energy
REPL,Healthcare
REPX,Energy
RES,Energy
REVG,Industrials
REX,Basic Materials
REXR,Real Estate
REZI,Industrials
RF,Financial Services
RGA,Financial Services
RGEN,Healthcare
RGLD,Basic Materials
RGNX,Healthcare
RGP,Industrials
RGR,Industrials
RH,Consumer Cyclical
RHI,Industrials
RHP,Real Estate
RICK,Consumer Cyclical
RIG,Energy
RIGL,Healthcare
RILY,Financial Services
RIOT,Financial Services
RITM,Real Estate
RJF,Financial Services
RL,Consumer Cyclical
RLI,Financial Services
RLJ,Real Estate
RM,Financial Services
RMAX,Real Estate
RMBS,Technology
RMD,Healthcare
RMNI,Technology
RMR,Real Estate
RNG,Technology
RNR,Financial Services
RNST,Financial Services
ROAD,Industrials
ROCK,Industrials
ROG,Technology
ROK,Industrials
ROKU,Communication Services
ROL,Consumer Cyclical
ROP,Technology
ROST,Consumer Cyclical
RPAY,Technology
RPD,Technology
RPM,Basic Materials
RRC,Energy
RRR,Consumer Cyclical
RRX,Industrials
RS,Basic Materials
RSG,Industrials
RTX,Industrials
RUN,Technology
RUSHA,Consumer Cyclical
RUSHB,Consumer Cyclical
RVTY,Healthcare
RWT,Real Estate
RYAM,Basic Materials
RYI,Industrials
RYN,Real Estate
RYTM,Healthcare
SABR,Technology
SAFE,Real Estate
SAFT,Financial Services
SAGE,Healthcare
SAH,Consumer Cyclical
SAIA,Industrials
SAIC,Technology
SAM,Consumer Defensive
SANM,Technology
SATS,Communication Services
SAVA,Healthcare
SB,Industrials
SBAC,Real Estate
SBCF,Financial Services
SBGI,Communication Services
SBH,Consumer Cyclical
SBRA,Real Estate
SBSI,Financial Services
SBUX,Consumer Cyclical
SCCO,Basic Materials
SCHL,Communication Services
SCHW,Financial Services
SCI,Consumer Cyclical
SCL,Basic Materials
SCPH,Healthcare
SCS,Consumer Cyclical
SCSC,Technology
SCVL,Consumer Cyclical
SD,Energy
SEB,Industrials
SEE,Consumer Cyclical
SEI,Energy
SEIC,Financial Services
SEM,Healthcare
SENEA,Consumer Defensive
SF,Financial Services
SFBS,Financial Services
SFIX,Consumer Cyclical
SFL,Industrials
SFM,Consumer Defensive
SFNC,Financial Services
SFST,Financial Services
SGI,Consumer Cyclical
SGRY,Healthcare
SHAK,Consumer Cyclical
SHBI,Financial Services
SHEN,Communication Services
SHO,Real Estate
SHOO,Consumer Cyclical
SHW,Basic Materials
SHYF,Industrials
SIBN,Healthcare
SIG,Consumer Cyclical
SIGA,Healthcare
SIGI,Financial Services
SIRI,Communication Services
SITC,Real Estate
SITE,Industrials
SJM,Consumer Defensive
SKT,Real Estate
SKX,Consumer Cyclical
SKY,Consumer Cyclical
SKYW,Industrials
SLAB,Technology
SLB,Energy
SLG,Real Estate
SLGN,Consumer Cyclical
SLM,Financial Services
SLNO,Healthcare
SLP,Healthcare
SM,Energy
SMBC,Financial Services
SMBK,Financial Services
SMCI,Technology
SMG,Basic Materials
SMMT,Healthcare
SMP,Consumer Cyclical
SMPL,Consumer Defensive
SMTC,Technology
SNA,Industrials
SNBR,Consumer Cyclical
SNDR,Industrials
SNDX,Healthcare
SNEX,Financial Services
SNPS,Technology
SNV,Financial Services
SNX,Technology
SO,Utilities
SON,Consumer Cyclical
SONO,Technology
SPB,Consumer Defensive
SPCE,Industrials
SPG,Real Estate
SPGI,Financial Services
SPNS,Technology
SPNT,Financial Services
SPOK,Healthcare
SPOT,Communication Services
SPR,Industrials
SPSC,Technology
SPTN,Consumer Defensive
SPXC,Industrials
SR,Utilities
SRCE,Financial Services
SRDX,Healthcare
SRE,Utilities
SRI,Consumer Cyclical
SRPT,Healthcare
SRRK,Healthcare
SSB,Financial Services
SSD,Basic Materials
SSNC,Technology
SSP,Communication Services
SSRM,Basic Materials
SSTI,Technology
SSTK,Communication Services
ST,Technology
STAA,Healthcare
STAG,Real Estate
STBA,Financial Services
STC,Financial Services
STE,Healthcare
STEL,Financial Services
STGW,Communication Services
STKL,Consumer Defensive
STLD,Basic Materials
STNE,Technology
STNG,Energy
STR,Energy
STRA,Consumer Defensive
STRL,Industrials
STRO,Healthcare
STT,Financial Services
STWD,Real Estate
STZ,Consumer Defensive
SUI,Real Estate
SUPN,Healthcare
SVC,Real Estate
SVRA,Healthcare
SWBI,Industrials
SWK,Industrials
SWKS,Technology
SWX,Utilities
SXC,Basic Materials
SXI,Industrials
SXT,Basic Materials
SYBT,Financial Services
SYF,Financial Services
SYK,Healthcare
SYNA,Technology
SYRE,Healthcare
SYY,Consumer Defensive
T,Communication Services
TALO,Energy
TAP,Consumer Defensive
TBBK,Financial Services
TBCH,Technology
TBI,Industrials
TBPH,Healthcare
TCBI,Financial Services
TCBK,Financial Services
TCMD,Healthcare
TCX,Technology
TDC,Technology
TDG,Industrials
TDOC,Healthcare
TDS,Communication Services
TDW,Energy
TDY,Technology
TEAM,Technology
TECH,Healthcare
TENB,Technology
TER,Technology
TEX,Industrials
TFC,Financial Services
TFIN,Financial Services
TFSL,Financial Services
TFX,Healthcare
TG,Industrials
TGI,Industrials
TGLS,Basic Materials
TGNA,Communication Services
TGT,Consumer Defensive
TGTX,Healthcare
TH,Industrials
THC,Healthcare
THFF,Financial Services
THG,Financial Services
THO,Consumer Cyclical
THR,Industrials
THRM,Consumer Cyclical
THRY,Communication Services
THS,Consumer Defensive
TILE,Consumer Cyclical
TIPT,Financial Services
TITN,Industrials
TJX,Consumer Cyclical
TK,Energy
TKO,Communication Services
TKR,Industrials
TMHC,Consumer Cyclical
TMO,Healthcare
TMP,Financial Services
TMUS,Communication Services
TNC,Industrials
TNDM,Healthcare
TNET,Industrials
TNK,Energy
TNL,Consumer Cyclical
TOL,Consumer Cyclical
TOWN,Financial Services
TPB,Consumer Defensive
TPC,Industrials
TPH,Consumer Cyclical
TPIC,Industrials
TPL,Energy
TPR,Consumer Cyclical
TRC,Industrials
TREE,Financial Services
TREX,Industrials
TRGP,Energy
TRIP,Consumer Cyclical
TRMB,Technology
TRMK,Financial Services
TRN,Industrials
TRNO,Real Estate
TRNS,Industrials
TROW,Financial Services
TROX,Basic Materials
TRS,Consumer Cyclical
TRST,Financial Services
TRTX,Real Estate
TRU,Financial Services
TRUP,Financial Services
TRV,Financial Services
TSBK,Financial Services
TSCO,Consumer Cyclical
TSLA,Consumer Cyclical
TSN,Consumer Defensive
TT,Industrials
TTC,Industrials
TTD,Communication Services
TTEC,Technology
TTEK,Industrials
TTGT,Technology
TTI,Industrials
TTMI,Technology
TTWO,Communication Services
TVTX,Healthcare
TWI,Industrials
TWLO,Technology
TWO,Real Estate
TWST,Healthcare
TXN,Technology
TXNM,Utilities
TXRH,Consumer Cyclical
TXT,Industrials
TYL,Technology
UA,Consumer Cyclical
UAA,Consumer Cyclical
UAL,Industrials
UBSI,Financial Services
UCB,Financial Services
UCTT,Technology
UDR,Real Estate
UE,Real Estate
UEC,Energy
UFCS,Financial Services
UFPI,Basic Materials
UFPT,Healthcare
UGI,Utilities
UHAL,Industrials
UHS,Healthcare
UHT,Real Estate
UI,Technology
UIS,Technology
ULH,Industrials
ULTA,Consumer Cyclical
UMBF,Financial Services
UMH,Real Estate
UNF,Industrials
UNFI,Consumer Defensive
UNH,Healthcare
UNIT,Real Estate
UNM,Financial Services
UNP,Industrials
UNTY,Financial Services
UPBD,Technology
UPS,Industrials
UPWK,Communication Services
URBN,Consumer Cyclical
URG,Energy
URGN,Healthcare
URI,Industrials
USB,Financial Services
USFD,Consumer Defensive
USLM,Basic Materials
USNA,Consumer Defensive
USPH,Healthcare
UTHR,Healthcare
UTI,Consumer Defensive
UTL,Utilities
UTMD,Healthcare
UTZ,Consumer Defensive
UUUU,Energy
UVE,Financial Services
UVSP,Financial Services
UVV,Consumer Defensive
V,Financial Services
VAC,Consumer Cyclical
VBTX,Financial Services
VC,Consumer Cyclical
VCEL,Healthcare
VCTR,Financial Services
VCYT,Healthcare
VECO,Technology
VEEV,Healthcare
VFC,Consumer Cyclical
VIAV,Technology
VICI,Real Estate
VICR,Technology
VIRT,Financial Services
VKTX,Healthcare
VLO,Energy
VLY,Financial Services
VMC,Basic Materials
VMI,Industrials
VNDA,Healthcare
VNO,Real Estate
VNOM,Energy
VOYA,Financial Services
VPG,Technology
VRDN,Healthcare
VRE,Real Estate
VREX,Healthcare
VRNS,Technology
VRNT,Technology
VRRM,Technology
VRSK,Industrials
VRSN,Technology
VRT,Industrials
VRTS,Financial Services
VRTX,Healthcare
VSAT,Technology
VSEC,Industrials
VSH,Technology
VST,Utilities
VTLE,Energy
VTOL,Energy
VTR,Real Estate
VTRS,Healthcare
VVV,Consumer Cyclical
VVX,Industrials
VYGR,Healthcare
VYX,Technology
VZ,Communication Services
W,Consumer Cyclical
WAB,Industrials
WABC,Financial Services
WAFD,Financial Services
WAL,Financial Services
WASH,Financial Services
WAT,Healthcare
WBA,Healthcare
WBD,Communication Services
WBS,Financial Services
WCC,Industrials
WD,Financial Services
WDAY,Technology
WDC,Technology
WDFC,Basic Materials
WEC,Utilities
WELL,Real Estate
WEN,Consumer Cyclical
WERN,Industrials
WEX,Technology
WFC,Financial Services
WGO,Consumer Cyclical
WH,Consumer Cyclical
WHD,Energy
WHR,Consumer Cyclical
WINA,Consumer Cyclical
WING,Consumer Cyclical
WK,Technology
WKC,Energy
WLDN,Industrials
WLFC,Industrials
WLK,Basic Materials
WLY,Communication Services
WM,Industrials
WMB,Energy
WMK,Consumer Defensive
WMS,Industrials
WMT,Consumer Defensive
WNC,Industrials
WNS,Technology
WOLF,Technology
WOR,Industrials
WOW,Communication Services
WPC,Real Estate
WRB,Financial Services
WRLD,Financial Services
WSBC,Financial Services
WSBF,Financial Services
WSC,Industrials
WSFS,Financial Services
WSM,Consumer Cyclical
WSO,Industrials
WSR,Real Estate
WST,Healthcare
WT,Financial Services
WTBA,Financial Services
WTFC,Financial Services
WTI,Energy
WTM,Financial Services
WTRG,Utilities
WTS,Industrials
WTTR,Energy
WTW,Financial Services
WU,Financial Services
WULF,Financial Services
WVE,Healthcare
WWD,Industrials
WWW,Consumer Cyclical
WY,Real Estate
WYNN,Consumer Cyclical
XEL,Utilities
XERS,Healthcare
XFOR,Healthcare
XHR,Real Estate
XNCR,Healthcare
XOM,Energy
XPO,Industrials
XPRO,Energy
XRAY,Healthcare
XRX,Technology
XYL,Industrials
XYZ,Technology
YELP,Communication Services
YETI,Consumer Cyclical
YEXT,Technology
YMAB,Healthcare
YORW,Utilities
YUM,Consumer Cyclical
Z,Communication Services
ZBH,Healthcare
ZBRA,Technology
ZD,Communication Services
ZEUS,Basic Materials
ZG,Communication Services
ZION,Financial Services
ZS,Technology
ZTS,Healthcare
ZUMZ,Consumer Cyclical
ZVRA,Healthcare
ZWS,Industrials
ZYME,Healthcare
ZYXI,Healthcare
